{
  "local_evaluations": [
    {
      "point_name": "P1",
      "local_coordinates": {
        "u": 0.2,
        "v": 0.2
      },
      "global_point": {
        "x": 0.5,
        "y": 0.36000000000000004,
        "z": 0.13999999999999999
      },
      "normal": {
        "x": 0.0,
        "y": -0.3624462611549484,
        "z": 0.932004671541296
      },
      "observer_direction": {
        "x": 0.29281061721023194,
        "y": 0.2792962810312981,
        "z": 0.9144700814411859
      },
      "total_irradiance": {
        "r": 0.08411636815642523,
        "g": 0.08559290784988338,
        "b": 0.09874144974821851
      },
      "total_brightness": {
        "r": 0.0176382452427952,
        "g": 0.014938267690836605,
        "b": 0.015588718938873633
      },
      "contributions": [
        {
          "light_name": "KeyLight",
          "distance": 3.3068413932331255,
          "theta_degrees": 8.28969376768394,
          "alpha_degrees": 41.54410870300766,
          "angular_profile": 0.9389252954113505,
          "colored_intensity": {
            "r": 0.9389252954113505,
            "g": 0.8638112717784425,
            "b": 0.798086501099648
          },
          "colored_irradiance": {
            "r": 0.0642635073193958,
            "g": 0.059122426733844144,
            "b": 0.054623981221486435
          },
          "brdf_value": 0.2339050159764293,
          "brightness": {
            "r": 0.01352840103562019,
            "g": 0.010371774127308813,
            "b": 0.008688239776209413
          }
        },
        {
          "light_name": "FillLight",
          "distance": 3.241789629201747,
          "theta_degrees": 11.949281844872456,
          "alpha_degrees": 60.32143573851827,
          "angular_profile": 0.9363922105626385,
          "colored_intensity": {
            "r": 0.42137649475318734,
            "g": 0.5618353263375832,
            "b": 0.9363922105626385
          },
          "colored_irradiance": {
            "r": 0.019852860837029432,
            "g": 0.026470481116039245,
            "b": 0.044117468526732075
          },
          "brdf_value": 0.23001690290451218,
          "brightness": {
            "r": 0.004109844207175012,
            "g": 0.004566493563527792,
            "b": 0.006900479162664219
          }
        }
      ]
    },
    {
      "point_name": "P2",
      "local_coordinates": {
        "u": 0.55,
        "v": 0.15
      },
      "global_point": {
        "x": 1.175,
        "y": 0.27,
        "z": 0.105
      },
      "normal": {
        "x": 0.0,
        "y": -0.3624462611549484,
        "z": 0.932004671541296
      },
      "observer_direction": {
        "x": 0.143655197661843,
        "y": 0.305698260624402,
        "z": 0.9412288550803954
      },
      "total_irradiance": {
        "r": 0.07375840926633781,
        "g": 0.07317775730816861,
        "b": 0.08035654483115924
      },
      "total_brightness": {
        "r": 0.015548734342728033,
        "g": 0.012836910503288688,
        "b": 0.012743580224877718
      },
      "contributions": [
        {
          "light_name": "KeyLight",
          "distance": 3.294927920304176,
          "theta_degrees": 11.784361597417133,
          "alpha_degrees": 41.309773422621404,
          "angular_profile": 0.8800181743846622,
          "colored_intensity": {
            "r": 0.8800181743846622,
            "g": 0.8096167204338893,
            "b": 0.7480154482269629
          },
          "colored_irradiance": {
            "r": 0.06088739124261724,
            "g": 0.05601639994320786,
            "b": 0.05175428255622465
          },
          "brdf_value": 0.23520209367727232,
          "brightness": {
            "r": 0.012888757708929712,
            "g": 0.009881380910179444,
            "b": 0.008277446617512637
          }
        },
        {
          "light_name": "FillLight",
          "distance": 3.6687259368887175,
          "theta_degrees": 16.614190257081038,
          "alpha_degrees": 64.05462476057872,
          "angular_profile": 0.8799113444505879,
          "colored_intensity": {
            "r": 0.3959601050027646,
            "g": 0.5279468066703528,
            "b": 0.8799113444505879
          },
          "colored_irradiance": {
            "r": 0.012871018023720569,
            "g": 0.017161357364960758,
            "b": 0.028602262274934596
          },
          "brdf_value": 0.22962671543636784,
          "brightness": {
            "r": 0.0026599766337983203,
            "g": 0.0029555295931092446,
            "b": 0.004466133607365081
          }
        }
      ]
    },
    {
      "point_name": "P3",
      "local_coordinates": {
        "u": 0.15,
        "v": 0.55
      },
      "global_point": {
        "x": 0.575,
        "y": 0.9900000000000001,
        "z": 0.385
      },
      "normal": {
        "x": 0.0,
        "y": -0.3624462611549484,
        "z": 0.932004671541296
      },
      "observer_direction": {
        "x": 0.3022439532746146,
        "y": 0.1505051522428693,
        "z": 0.9412740259123713
      },
      "total_irradiance": {
        "r": 0.1286645918265875,
        "g": 0.13108526062338938,
        "b": 0.1515734719679681
      },
      "total_brightness": {
        "r": 0.029773327178887456,
        "g": 0.025101802265438195,
        "b": 0.025970684038441917
      },
      "contributions": [
        {
          "light_name": "KeyLight",
          "distance": 2.912550428747973,
          "theta_degrees": 5.003071605859534,
          "alpha_degrees": 31.813628746322944,
          "angular_profile": 0.9773567814115091,
          "colored_intensity": {
            "r": 0.9773567814115091,
            "g": 0.8991682388985883,
            "b": 0.8307532641997827
          },
          "colored_irradiance": {
            "r": 0.0979053108356305,
            "g": 0.09007288596878006,
            "b": 0.08321951421028594
          },
          "brdf_value": 0.262916060612722,
          "brightness": {
            "r": 0.023166790774171216,
            "g": 0.01776120626019793,
            "b": 0.014878227852745516
          }
        },
        {
          "light_name": "FillLight",
          "distance": 2.8238183369331677,
          "theta_degrees": 9.563231061854662,
          "alpha_degrees": 55.35977215020297,
          "angular_profile": 0.9588852760059791,
          "colored_intensity": {
            "r": 0.4314983742026906,
            "g": 0.5753311656035874,
            "b": 0.9588852760059791
          },
          "colored_irradiance": {
            "r": 0.03075928099095698,
            "g": 0.0410123746546093,
            "b": 0.06835395775768217
          },
          "brdf_value": 0.23864654077572067,
          "brightness": {
            "r": 0.0066065364047162385,
            "g": 0.007340596005240264,
            "b": 0.011092456185696402
          }
        }
      ]
    }
  ],
  "global_evaluations": [
    {
      "point_name": "P1",
      "local_coordinates": {
        "u": 0.2,
        "v": 0.2
      },
      "global_point": {
        "x": 0.5,
        "y": 0.36,
        "z": 0.14
      },
      "normal": {
        "x": 0.0,
        "y": -0.3624462611549484,
        "z": 0.932004671541296
      },
      "observer_direction": {
        "x": 0.29281061721023194,
        "y": 0.27929628103129817,
        "z": 0.9144700814411859
      },
      "total_irradiance": {
        "r": 0.08411636815642523,
        "g": 0.08559290784988338,
        "b": 0.09874144974821851
      },
      "total_brightness": {
        "r": 0.0176382452427952,
        "g": 0.014938267690836605,
        "b": 0.015588718938873633
      },
      "contributions": [
        {
          "light_name": "KeyLight",
          "distance": 3.3068413932331255,
          "theta_degrees": 8.28969376768394,
          "alpha_degrees": 41.54410870300766,
          "angular_profile": 0.9389252954113505,
          "colored_intensity": {
            "r": 0.9389252954113505,
            "g": 0.8638112717784425,